Name,Affiliation,Topics
Orlando Arguello-Miranda,"Plant and Microbial Biology, CALS",
Frank Bai,"BAE, CALS",
Justin Baker,"Forestry and Environmental Resources, CNR","AgTech and Automation, Data Analytics and Modeling, Genetics and Genomics, Knowledge Transfer and Outreach, Plant Ecology and Microbial Biology, Plant Health and Pathology and Pest Mgmt, Policy and Society and Economics, Sensing and Imaging Technologies, Sustainable Ag and Resource Management"
Peter Balint-Kurti,"Entomology and Plant Pathology, CALS","AgTech and Automation, Data Analytics and Modeling, Genetics and Genomics, Knowledge Transfer and Outreach, Plant Ecology and Microbial Biology, Plant Health and Pathology and Pest Mgmt, Policy and Society and Economics, Sensing and Imaging Technologies, Sustainable Ag and Resource Management"
Nonoy Bandillo,"Crop & Soil Sciences, CALS",
Rodolphe Barrangou,"FBNS, CALS","AgTech and Automation, Data Analytics and Modeling, Genetics and Genomics, Knowledge Transfer and Outreach, Plant Ecology and Microbial Biology, Plant Health and Pathology and Pest Mgmt, Policy and Society and Economics, Sensing and Imaging Technologies, Sustainable Ag and Resource Management"
Terri Billeisen,"Entomology and Plant Pathology, CALS",
Alper Bozkurt,"Electrical & Computer Engineering, COE","AgTech and Automation, Data Analytics and Modeling, Genetics and Genomics, Knowledge Transfer and Outreach, Plant Ecology and Microbial Biology, Plant Health and Pathology and Pest Mgmt, Policy and Society and Economics, Sensing and Imaging Technologies, Sustainable Ag and Resource Management"
Michael Bradshaw,"Entomology & Plant Pathology, CALS","AgTech and Automation, Data Analytics and Modeling, Genetics and Genomics, Knowledge Transfer and Outreach, Plant Ecology and Microbial Biology, Plant Health and Pathology and Pest Mgmt, Policy and Society and Economics, Sensing and Imaging Technologies, Sustainable Ag and Resource Management"
James Braun,"Mechanical & Aerospace Engineering, COE","AgTech and Automation, Data Analytics and Modeling, Knowledge Transfer and Outreach, Plant Ecology and Microbial Biology, Policy and Society and Economics, Sensing and Imaging Technologies, Sustainable Ag and Resource Management"
Zachary Brown,"Ag & Rescource Econ, CALS",
Gina Brown-Guedira,"Crop & Soil Sciences, CALS","AgTech and Automation, Data Analytics and Modeling, Genetics and Genomics, Knowledge Transfer and Outreach, Plant Ecology and Microbial Biology, Plant Health and Pathology and Pest Mgmt, Policy and Society and Economics, Sensing and Imaging Technologies, Sustainable Ag and Resource Management"
Doug Call,"Civil, Construction & Environmental Engr, COE","Data Analytics and Modeling, Genetics and Genomics, Knowledge Transfer and Outreach, Plant Ecology and Microbial Biology, Plant Health and Pathology and Pest Mgmt, Policy and Society and Economics, Sensing and Imaging Technologies, Sustainable Ag and Resource Management"
Ignazio Carbone,"Entomology & Plant Pathology, CALS","AgTech and Automation, Data Analytics and Modeling, Genetics and Genomics, Knowledge Transfer and Outreach, Plant Ecology and Microbial Biology, Plant Health and Pathology and Pest Mgmt, Policy and Society and Economics, Sensing and Imaging Technologies, Sustainable Ag and Resource Management"
Rada Chirkova,"Computer Science, COE",
Mallory Choudoir,"Plant & Microbial Biology, CALS","AgTech and Automation, Data Analytics and Modeling, Genetics and Genomics, Knowledge Transfer and Outreach, Plant Ecology and Microbial Biology, Plant Health and Pathology and Pest Mgmt, Policy and Society and Economics, Sensing and Imaging Technologies, Sustainable Ag and Resource Management"
Maude Cuchiara,"Materials Science and Engineering, COE","AgTech and Automation, Data Analytics and Modeling, Genetics and Genomics, Knowledge Transfer and Outreach, Plant Ecology and Microbial Biology, Plant Health and Pathology and Pest Mgmt, Policy and Society and Economics, Sensing and Imaging Technologies, Sustainable Ag and Resource Management"
Michael Daniele,"Electrical & Computer Engineering, COE","AgTech and Automation, Data Analytics and Modeling, Genetics and Genomics, Knowledge Transfer and Outreach, Plant Ecology and Microbial Biology, Plant Health and Pathology and Pest Mgmt, Policy and Society and Economics, Sensing and Imaging Technologies, Sustainable Ag and Resource Management"
Ralph Dean,"Entomology & Plant Pathology, CALS","AgTech and Automation, Data Analytics and Modeling, Genetics and Genomics, Knowledge Transfer and Outreach, Plant Ecology and Microbial Biology, Plant Health and Pathology and Pest Mgmt, Policy and Society and Economics, Sensing and Imaging Technologies, Sustainable Ag and Resource Management"
Huiling Ding,"English, CHASS","AgTech and Automation, Data Analytics and Modeling, Genetics and Genomics, Knowledge Transfer and Outreach, Plant Ecology and Microbial Biology, Plant Health and Pathology and Pest Mgmt, Policy and Society and Economics, Sensing and Imaging Technologies, Sustainable Ag and Resource Management"
Colleen Doherty,"Molecular and Structural Biochem, CALS","AgTech and Automation, Data Analytics and Modeling, Genetics and Genomics, Knowledge Transfer and Outreach, Plant Ecology and Microbial Biology, Plant Health and Pathology and Pest Mgmt, Policy and Society and Economics, Sensing and Imaging Technologies, Sustainable Ag and Resource Management"
Joseph Donaldson,"Agriculture & Human Sciences, CALS",
Liz Driscoll,"Horticultural Sciences, CALS","AgTech and Automation, Data Analytics and Modeling, Genetics and Genomics, Knowledge Transfer and Outreach, Plant Ecology and Microbial Biology, Plant Health and Pathology and Pest Mgmt, Policy and Society and Economics, Sensing and Imaging Technologies, Sustainable Ag and Resource Management"
Owen Duckworth,"Crop & Soil Sciences, CALS","AgTech and Automation, Data Analytics and Modeling, Genetics and Genomics, Knowledge Transfer and Outreach, Plant Ecology and Microbial Biology, Plant Health and Pathology and Pest Mgmt, Policy and Society and Economics, Sensing and Imaging Technologies, Sustainable Ag and Resource Management"
Kirill Efimenko,"Chemical & Biomolecular Engr, COE","Plant Ecology and Microbial Biology, Policy and Society and Economics, Sustainable Ag and Resource Management"
Raoul Farer,"Textile Engineering, Chemistry and Science, WCOT",
Joseph Gage,"Crop & Soil Sciences, CALS","AgTech and Automation, Data Analytics and Modeling, Genetics and Genomics, Knowledge Transfer and Outreach, Plant Ecology and Microbial Biology, Plant Health and Pathology and Pest Mgmt, Policy and Society and Economics, Sensing and Imaging Technologies, Sustainable Ag and Resource Management"
Christopher Galik,"Public Administration, CHASS","AgTech and Automation, Data Analytics and Modeling, Genetics and Genomics, Knowledge Transfer and Outreach, Plant Ecology and Microbial Biology, Plant Health and Pathology and Pest Mgmt, Policy and Society and Economics, Sensing and Imaging Technologies, Sustainable Ag and Resource Management"
Peng Gao,"Computer Science, COE",
Luke Gatiboni,"Crop & Soil Sciences, CALS","AgTech and Automation, Data Analytics and Modeling, Genetics and Genomics, Knowledge Transfer and Outreach, Plant Ecology and Microbial Biology, Plant Health and Pathology and Pest Mgmt, Policy and Society and Economics, Sensing and Imaging Technologies, Sustainable Ag and Resource Management"
Jan Genzer,"Chemical & Biomolecular Engr, COE","Plant Ecology and Microbial Biology, Policy and Society and Economics, Sensing and Imaging Technologies, Sustainable Ag and Resource Management"
Chris Gorman,"Chemistry, COS",
Adrienne Gorny,"Entomology & Plant Pathology, CALS","AgTech and Automation, Data Analytics and Modeling, Genetics and Genomics, Knowledge Transfer and Outreach, Plant Ecology and Microbial Biology, Plant Health and Pathology and Pest Mgmt, Policy and Society and Economics, Sensing and Imaging Technologies, Sustainable Ag and Resource Management"
Khara Grieger,"Applied Ecology, CALS","AgTech and Automation, Data Analytics and Modeling, Genetics and Genomics, Knowledge Transfer and Outreach, Plant Ecology and Microbial Biology, Plant Health and Pathology and Pest Mgmt, Policy and Society and Economics, Sensing and Imaging Technologies, Sustainable Ag and Resource Management"
Amy Grunden,"Plant & Microbial Biology, CALS","AgTech and Automation, Data Analytics and Modeling, Genetics and Genomics, Knowledge Transfer and Outreach, Plant Ecology and Microbial Biology, Plant Health and Pathology and Pest Mgmt, Policy and Society and Economics, Sensing and Imaging Technologies, Sustainable Ag and Resource Management"
Alexey Gulyuk,"Materials Science & Engineering, COE",
Ali Gurbuz,"Electrical & Computer Engineering, COE",
Alejandro Gutierrez-Li,"Agricultural & Resource Econ, CALS","AgTech and Automation, Data Analytics and Modeling, Genetics and Genomics, Knowledge Transfer and Outreach, Plant Ecology and Microbial Biology, Plant Health and Pathology and Pest Mgmt, Policy and Society and Economics, Sustainable Ag and Resource Management"
Christine Hawkes,"Plant & Microbial Biology, CALS","AgTech and Automation, Data Analytics and Modeling, Genetics and Genomics, Knowledge Transfer and Outreach, Plant Ecology and Microbial Biology, Plant Health and Pathology and Pest Mgmt, Policy and Society and Economics, Sensing and Imaging Technologies, Sustainable Ag and Resource Management"
Ricardo Hernandez,"Horticultural Sciences, CALS","AgTech and Automation, Data Analytics and Modeling, Genetics and Genomics, Knowledge Transfer and Outreach, Plant Ecology and Microbial Biology, Plant Health and Pathology and Pest Mgmt, Policy and Society and Economics, Sensing and Imaging Technologies, Sustainable Ag and Resource Management"
Mark Hoffman,"Horticultural Sciences, CALS","AgTech and Automation, Data Analytics and Modeling, Genetics and Genomics, Knowledge Transfer and Outreach, Plant Ecology and Microbial Biology, Plant Health and Pathology and Pest Mgmt, Policy and Society and Economics, Sensing and Imaging Technologies, Sustainable Ag and Resource Management"
Jim Holland,"Crop & Soil Sciences, CALS","AgTech and Automation, Data Analytics and Modeling, Genetics and Genomics, Knowledge Transfer and Outreach, Plant Ecology and Microbial Biology, Plant Health and Pathology and Pest Mgmt, Policy and Society and Economics, Sensing and Imaging Technologies, Sustainable Ag and Resource Management"
Amanda Hulse-Kemp,"Crop & Soil Sciences, CALS","AgTech and Automation, Data Analytics and Modeling, Genetics and Genomics, Knowledge Transfer and Outreach, Plant Ecology and Microbial Biology, Plant Health and Pathology and Pest Mgmt, Policy and Society and Economics, Sensing and Imaging Technologies, Sustainable Ag and Resource Management"
Fikret Isik,"Forestry and Environmental Resources, CNR","AgTech and Automation, Data Analytics and Modeling, Genetics and Genomics, Knowledge Transfer and Outreach, Plant Ecology and Microbial Biology, Plant Health and Pathology and Pest Mgmt, Policy and Society and Economics, Sensing and Imaging Technologies, Sustainable Ag and Resource Management"
Daniela Jones,"BAE, CALS","AgTech and Automation, Data Analytics and Modeling, Genetics and Genomics, Knowledge Transfer and Outreach, Plant Ecology and Microbial Biology, Plant Health and Pathology and Pest Mgmt, Policy and Society and Economics, Sensing and Imaging Technologies, Sustainable Ag and Resource Management"
Chris Jones,"Ctr. for Geospatial Analytics, CNR","AgTech and Automation, Data Analytics and Modeling, Genetics and Genomics, Knowledge Transfer and Outreach, Plant Ecology and Microbial Biology, Plant Health and Pathology and Pest Mgmt, Policy and Society and Economics, Sensing and Imaging Technologies, Sustainable Ag and Resource Management"
Jacob Jones,"Materials Science and Engineering, COE","AgTech and Automation, Data Analytics and Modeling, Genetics and Genomics, Knowledge Transfer and Outreach, Plant Ecology and Microbial Biology, Plant Health and Pathology and Pest Mgmt, Policy and Society and Economics, Sensing and Imaging Technologies, Sustainable Ag and Resource Management"
Gail Jones,"STEM Education, CED",
David Jordan,"Crop & Soil Sciences, CALS","AgTech and Automation, Data Analytics and Modeling, Genetics and Genomics, Knowledge Transfer and Outreach, Plant Ecology and Microbial Biology, Plant Health and Pathology and Pest Mgmt, Policy and Society and Economics, Sensing and Imaging Technologies, Sustainable Ag and Resource Management"
Saad Khan,"Chemical & Biomolecular Engineering, COE",
Tim Kelliher,"Entomology & Plant Pathology, CALS",
Jordan Kern,"Industrial and Systems Engineering, COE","AgTech and Automation, Data Analytics and Modeling, Genetics and Genomics, Knowledge Transfer and Outreach, Plant Ecology and Microbial Biology, Plant Health and Pathology and Pest Mgmt, Policy and Society and Economics, Sensing and Imaging Technologies, Sustainable Ag and Resource Management"
Meagan Kittle Autry,"Civil, Construction & Environmental Engr, COE",
Manuel Kleiner,"Plant & Microbial Biology, CALS","AgTech and Automation, Data Analytics and Modeling, Genetics and Genomics, Knowledge Transfer and Outreach, Plant Ecology and Microbial Biology, Plant Health and Pathology and Pest Mgmt, Policy and Society and Economics, Sensing and Imaging Technologies, Sustainable Ag and Resource Management"
Detlef Knappe,"Civil, Construction & Environmental Engr, COE","Data Analytics and Modeling, Genetics and Genomics, Knowledge Transfer and Outreach, Plant Ecology and Microbial Biology, Plant Health and Pathology and Pest Mgmt, Policy and Society and Economics, Sensing and Imaging Technologies, Sustainable Ag and Resource Management"
Tom Kon,"Horticultural Sciences, CALS","Data Analytics and Modeling, Genetics and Genomics, Plant Ecology and Microbial Biology, Plant Health and Pathology and Pest Mgmt, Policy and Society and Economics, Sustainable Ag and Resource Management"
Michael Kudenov,"Electrical & Computer Engineering, COE","AgTech and Automation, Data Analytics and Modeling, Genetics and Genomics, Knowledge Transfer and Outreach, Plant Ecology and Microbial Biology, Plant Health and Pathology and Pest Mgmt, Policy and Society and Economics, Sensing and Imaging Technologies, Sustainable Ag and Resource Management"
Jennifer Kuzma,"School of Public and International Affairs, CHASS","AgTech and Automation, Data Analytics and Modeling, Genetics and Genomics, Knowledge Transfer and Outreach, Plant Ecology and Microbial Biology, Plant Health and Pathology and Pest Mgmt, Policy and Society and Economics, Sensing and Imaging Technologies, Sustainable Ag and Resource Management"
Yuchen Liu,"Computer Science, COE","AgTech and Automation, Data Analytics and Modeling, Genetics and Genomics, Knowledge Transfer and Outreach, Plant Ecology and Microbial Biology, Plant Health and Pathology and Pest Mgmt, Policy and Society and Economics, Sensing and Imaging Technologies, Sustainable Ag and Resource Management"
Edgar Lobaton,"Electrical & Computer Engineering, COE","AgTech and Automation, Data Analytics and Modeling, Genetics and Genomics, Knowledge Transfer and Outreach, Plant Ecology and Microbial Biology, Plant Health and Pathology and Pest Mgmt, Policy and Society and Economics, Sensing and Imaging Technologies, Sustainable Ag and Resource Management"
Anna Locke,"Crop & Soil Sciences, CALS","AgTech and Automation, Data Analytics and Modeling, Genetics and Genomics, Knowledge Transfer and Outreach, Plant Ecology and Microbial Biology, Plant Health and Pathology and Pest Mgmt, Policy and Society and Economics, Sensing and Imaging Technologies, Sustainable Ag and Resource Management"
Terri Long,"Plant & Microbial Biology, CALS","AgTech and Automation, Data Analytics and Modeling, Genetics and Genomics, Knowledge Transfer and Outreach, Plant Ecology and Microbial Biology, Plant Health and Pathology and Pest Mgmt, Policy and Society and Economics, Sensing and Imaging Technologies, Sustainable Ag and Resource Management"
Lorena Lopez,"Entomology & Plant Pathology, CALS","Plant Ecology and Microbial Biology, Plant Health and Pathology and Pest Mgmt, Policy and Society and Economics, Sustainable Ag and Resource Management"
Frank Louws,"Entomology and Plant Pathology, CALS","Data Analytics and Modeling, Genetics and Genomics, Plant Ecology and Microbial Biology, Plant Health and Pathology and Pest Mgmt, Policy and Society and Economics, Sustainable Ag and Resource Management"
Tom Makris,"Molecular and Structural Biochem, CALS","AgTech and Automation, Data Analytics and Modeling, Genetics and Genomics, Knowledge Transfer and Outreach, Plant Ecology and Microbial Biology, Plant Health and Pathology and Pest Mgmt, Policy and Society and Economics, Sensing and Imaging Technologies, Sustainable Ag and Resource Management"
Stephen Markham,"Management, Innovation and Entrepreneurship, PCOM","AgTech and Automation, Data Analytics and Modeling, Knowledge Transfer and Outreach, Policy and Society and Economics, Sustainable Ag and Resource Management"
Ross Meentemeyer,"Ctr. for Geospatial Analytics, CNR","AgTech and Automation, Data Analytics and Modeling, Genetics and Genomics, Knowledge Transfer and Outreach, Plant Ecology and Microbial Biology, Plant Health and Pathology and Pest Mgmt, Policy and Society and Economics, Sensing and Imaging Technologies, Sustainable Ag and Resource Management"
Veena Misra,"Electrical & Computer Engineering, COE","AgTech and Automation, Data Analytics and Modeling, Genetics and Genomics, Knowledge Transfer and Outreach, Plant Ecology and Microbial Biology, Plant Health and Pathology and Pest Mgmt, Policy and Society and Economics, Sensing and Imaging Technologies, Sustainable Ag and Resource Management"
Natalie Nelson,"BAE, CALS","AgTech and Automation, Data Analytics and Modeling, Genetics and Genomics, Knowledge Transfer and Outreach, Plant Ecology and Microbial Biology, Plant Health and Pathology and Pest Mgmt, Policy and Society and Economics, Sensing and Imaging Technologies, Sustainable Ag and Resource Management"
Omer Oralkan,"Electrical & Computer Engineering, COE","AgTech and Automation, Data Analytics and Modeling, Genetics and Genomics, Knowledge Transfer and Outreach, Plant Ecology and Microbial Biology, Plant Health and Pathology and Pest Mgmt, Policy and Society and Economics, Sensing and Imaging Technologies, Sustainable Ag and Resource Management"
Adrian Percy,"Plant & Microbial Biology, CALS",
Kara Peters,"Mechanical & Aerospace Engineering, COE","AgTech and Automation, Data Analytics and Modeling, Genetics and Genomics, Knowledge Transfer and Outreach, Plant Ecology and Microbial Biology, Plant Health and Pathology and Pest Mgmt, Policy and Society and Economics, Sensing and Imaging Technologies, Sustainable Ag and Resource Management"
Josh Pierce,"Chemistry, COS","AgTech and Automation, Data Analytics and Modeling, Genetics and Genomics, Knowledge Transfer and Outreach, Plant Ecology and Microbial Biology, Plant Health and Pathology and Pest Mgmt, Policy and Society and Economics, Sensing and Imaging Technologies, Sustainable Ag and Resource Management"
Lina Quesada O'Campo,"Entomology & Plant Pathology, IR-4",AgTech and Automation
Chris Reberg-Horton,"Crop & Soil Sciences, CALS","AgTech and Automation, Data Analytics and Modeling, Genetics and Genomics, Knowledge Transfer and Outreach, Plant Ecology and Microbial Biology, Plant Health and Pathology and Pest Mgmt, Policy and Society and Economics, Sensing and Imaging Technologies, Sustainable Ag and Resource Management"
Rod Rejesus,"Agricultural & Resource Econ, CALS","AgTech and Automation, Data Analytics and Modeling, Genetics and Genomics, Knowledge Transfer and Outreach, Plant Ecology and Microbial Biology, Plant Health and Pathology and Pest Mgmt, Policy and Society and Economics, Sensing and Imaging Technologies, Sustainable Ag and Resource Management"
Rubén Rellán-Álvarez,"Molecular and Structural Biochem, CALS",
Jay Rickabaugh,"Public & International Affairs, CHASS","AgTech and Automation, Data Analytics and Modeling, Genetics and Genomics, Knowledge Transfer and Outreach, Plant Ecology and Microbial Biology, Plant Health and Pathology and Pest Mgmt, Policy and Society and Economics, Sensing and Imaging Technologies, Sustainable Ag and Resource Management"
Jean Ristaino,"Entomology & Plant Pathology, CALS","AgTech and Automation, Data Analytics and Modeling, Genetics and Genomics, Knowledge Transfer and Outreach, Plant Ecology and Microbial Biology, Plant Health and Pathology and Pest Mgmt, Policy and Society and Economics, Sensing and Imaging Technologies, Sustainable Ag and Resource Management"
Joe Sagues,"BAE, CALS",Sustainable Ag and Resource Management
Sonja Salmon,"Textile Engineering, Chemistry & Science, WCOT",
Deepti Salvi,"FBNS, CALS","AgTech and Automation, Data Analytics and Modeling, Genetics and Genomics, Knowledge Transfer and Outreach, Plant Ecology and Microbial Biology, Plant Health and Pathology and Pest Mgmt, Policy and Society and Economics, Sensing and Imaging Technologies, Sustainable Ag and Resource Management"
Katie Sanders,"Agriculture & Human Sciences, CALS",
Chadi Sayde,"BAE, CALS","AgTech and Automation, Data Analytics and Modeling, Genetics and Genomics, Knowledge Transfer and Outreach, Plant Ecology and Microbial Biology, Plant Health and Pathology and Pest Mgmt, Policy and Society and Economics, Sensing and Imaging Technologies, Sustainable Ag and Resource Management"
Michelle Schroeder-Moreno,"Crop & Soil Sciences, CALS","AgTech and Automation, Data Analytics and Modeling, Genetics and Genomics, Knowledge Transfer and Outreach, Plant Ecology and Microbial Biology, Plant Health and Pathology and Pest Mgmt, Policy and Society and Economics, Sensing and Imaging Technologies, Sustainable Ag and Resource Management"
Heike Sederoff,"Plant & Microbial Biology, CALS","AgTech and Automation, Data Analytics and Modeling, Genetics and Genomics, Knowledge Transfer and Outreach, Plant Ecology and Microbial Biology, Plant Health and Pathology and Pest Mgmt, Policy and Society and Economics, Sensing and Imaging Technologies, Sustainable Ag and Resource Management"
Danesha Seth Carley,"Horticultural Sciences, CALS","AgTech and Automation, Data Analytics and Modeling, Genetics and Genomics, Knowledge Transfer and Outreach, Plant Ecology and Microbial Biology, Plant Health and Pathology and Pest Mgmt, Policy and Society and Economics, Sensing and Imaging Technologies, Sustainable Ag and Resource Management"
Rohan Shirwaiker,"Industrial and Systems Engineering, COE","AgTech and Automation, Data Analytics and Modeling, Genetics and Genomics, Knowledge Transfer and Outreach, Plant Ecology and Microbial Biology, Plant Health and Pathology and Pest Mgmt, Policy and Society and Economics, Sensing and Imaging Technologies, Sustainable Ag and Resource Management"
Debjani Sihi,"Plant & Microbial Biology, CALS","AgTech and Automation, Data Analytics and Modeling, Genetics and Genomics, Knowledge Transfer and Outreach, Plant Ecology and Microbial Biology, Plant Health and Pathology and Pest Mgmt, Policy and Society and Economics, Sensing and Imaging Technologies, Sustainable Ag and Resource Management"
Ross Sozzani,"Plant & Microbial Biology, CALS","AgTech and Automation, Data Analytics and Modeling, Genetics and Genomics, Knowledge Transfer and Outreach, Plant Ecology and Microbial Biology, Plant Health and Pathology and Pest Mgmt, Policy and Society and Economics, Sensing and Imaging Technologies, Sustainable Ag and Resource Management"
Katharina Stapelmann,"Nuclear Engineering, COE","AgTech and Automation, Data Analytics and Modeling, Genetics and Genomics, Knowledge Transfer and Outreach, Plant Ecology and Microbial Biology, Plant Health and Pathology and Pest Mgmt, Policy and Society and Economics, Sensing and Imaging Technologies, Sustainable Ag and Resource Management"
Anna Stepanova,"Plant and Microbial Biology, CALS",
David Suchoff,"Crop & Soil Sciences, CALS","AgTech and Automation, Data Analytics and Modeling, Genetics and Genomics, Knowledge Transfer and Outreach, Plant Ecology and Microbial Biology, Plant Health and Pathology and Pest Mgmt, Policy and Society and Economics, Sensing and Imaging Technologies, Sustainable Ag and Resource Management"
Jason Swarts,"English, CHASS","AgTech and Automation, Data Analytics and Modeling, Genetics and Genomics, Knowledge Transfer and Outreach, Plant Ecology and Microbial Biology, Plant Health and Pathology and Pest Mgmt, Policy and Society and Economics, Sensing and Imaging Technologies, Sustainable Ag and Resource Management"
Sid Thakur,"Population Health and Pathobiology, CVM","AgTech and Automation, Data Analytics and Modeling, Genetics and Genomics, Knowledge Transfer and Outreach, Plant Ecology and Microbial Biology, Plant Health and Pathology and Pest Mgmt, Policy and Society and Economics, Sensing and Imaging Technologies, Sustainable Ag and Resource Management"
Thomas Theis,"Chemistry, COS","AgTech and Automation, Data Analytics and Modeling, Genetics and Genomics, Knowledge Transfer and Outreach, Plant Ecology and Microbial Biology, Plant Health and Pathology and Pest Mgmt, Policy and Society and Economics, Sensing and Imaging Technologies, Sustainable Ag and Resource Management"
Kristin Thoney-Barletta,"Textile and Apparel, Technology and Management, WCOT",
Emmanuel Torres Quezada,"Horticultural Sciences, CALS",
Jack Wang,"Forestry and Environmental Resources, CNR","AgTech and Automation, Data Analytics and Modeling, Genetics and Genomics, Knowledge Transfer and Outreach, Plant Ecology and Microbial Biology, Plant Health and Pathology and Pest Mgmt, Policy and Society and Economics, Sensing and Imaging Technologies, Sustainable Ag and Resource Management"
Qingshan Wei,"Chemical & Biomolecular Engineering, COE","AgTech and Automation, Data Analytics and Modeling, Genetics and Genomics, Knowledge Transfer and Outreach, Plant Ecology and Microbial Biology, Plant Health and Pathology and Pest Mgmt, Policy and Society and Economics, Sensing and Imaging Technologies, Sustainable Ag and Resource Management"
Justin Whitehill,"Forestry and Environmental Resources, CNR","AgTech and Automation, Data Analytics and Modeling, Genetics and Genomics, Knowledge Transfer and Outreach, Plant Ecology and Microbial Biology, Plant Health and Pathology and Pest Mgmt, Policy and Society and Economics, Sensing and Imaging Technologies, Sustainable Ag and Resource Management"
Anna Whitfield,"Entomology & Plant Pathology, CALS","AgTech and Automation, Data Analytics and Modeling, Genetics and Genomics, Knowledge Transfer and Outreach, Plant Ecology and Microbial Biology, Plant Health and Pathology and Pest Mgmt, Policy and Society and Economics, Sensing and Imaging Technologies, Sustainable Ag and Resource Management"
Taufika Williams,"Chemistry, COS","AgTech and Automation, Data Analytics and Modeling, Genetics and Genomics, Knowledge Transfer and Outreach, Plant Ecology and Microbial Biology, Plant Health and Pathology and Pest Mgmt, Policy and Society and Economics, Sensing and Imaging Technologies, Sustainable Ag and Resource Management"
Cranos Williams,"Electrical & Computer Engineering, COE","AgTech and Automation, Data Analytics and Modeling, Genetics and Genomics, Knowledge Transfer and Outreach, Plant Ecology and Microbial Biology, Plant Health and Pathology and Pest Mgmt, Policy and Society and Economics, Sensing and Imaging Technologies, Sustainable Ag and Resource Management"
Alex Woodley,"Crop & Soil Sciences, CALS","AgTech and Automation, Data Analytics and Modeling, Genetics and Genomics, Knowledge Transfer and Outreach, Plant Ecology and Microbial Biology, Plant Health and Pathology and Pest Mgmt, Policy and Society and Economics, Sensing and Imaging Technologies, Sustainable Ag and Resource Management"
Cheryl Xu,"Mechanical & Aerospace Engineering, COE",
Craig Yencho,"Horticultural Sciences, CALS","Data Analytics and Modeling, Genetics and Genomics, Knowledge Transfer and Outreach, Plant Ecology and Microbial Biology, Plant Health and Pathology and Pest Mgmt, Policy and Society and Economics, Sustainable Ag and Resource Management"
Yara Yingling,"Materials Science and Engr, COE","AgTech and Automation, Data Analytics and Modeling, Genetics and Genomics, Knowledge Transfer and Outreach, Plant Ecology and Microbial Biology, Plant Health and Pathology and Pest Mgmt, Policy and Society and Economics, Sensing and Imaging Technologies, Sustainable Ag and Resource Management"
Jing Zhang,"Horticultural Sciences, CALS","AgTech and Automation, Data Analytics and Modeling, Genetics and Genomics, Plant Ecology and Microbial Biology, Plant Health and Pathology and Pest Mgmt, Policy and Society and Economics, Sustainable Ag and Resource Management"
Kaixiong Zhou,"Electrical & Computer Engineering, COE",
